ID,Target
ID_5EGLKX,Low
ID_4AI7RE,Low
ID_V9OB3M,Low
ID_6OI9DI,Low
ID_H2TN8B,Low
ID_U8T7ZQ,Low
ID_QQJ3A1,Low
ID_F5S4JD,Low
ID_CY2C11,Low
ID_63XVFI,Low
ID_XAJI0Y,Low
ID_KX0JJU,Low
ID_795C4K,Low
ID_6763V1,Low
ID_7NXNW3,Low
ID_9AZ3CE,Low
ID_SBKP1L,Low
ID_OC8D6J,Low
ID_2073O9,Low
ID_FLUOAY,Low
ID_VBJRBZ,Low
ID_80ICSH,Low
ID_5Y96BK,Low
ID_3QA8NH,Low
ID_SXDLK8,Low
ID_0QTL3Q,Low
ID_XBAF4G,Low
ID_7T3K9O,Low
ID_QPVBXS,Low
ID_AF3QHY,Low
ID_JEGOHM,Low
ID_RMNZSY,Low
ID_B4UNEI,Low
ID_W43KIJ,Low
ID_JALVRT,Low
ID_HZ3UGB,Low
ID_4TBS9I,Low
ID_NH1CBH,Low
ID_QCSPD7,Low
ID_DOFFWS,Low
ID_5R0PNF,Low
ID_BJMTY0,Low
ID_QRFKXZ,Low
ID_Q0H4S4,Low
ID_O0N2NO,Low
ID_22DKNO,Low
ID_94WOZR,Low
ID_380CBQ,Low
ID_6KDD49,Low
ID_5UHNA2,Low
ID_CRZXC4,Low
ID_LQV62J,Low
ID_GW10C9,Low
ID_Y93BZV,Low
ID_8U6B15,Low
ID_83UDQB,Low
ID_2QMK3U,Low
ID_CGJK91,Low
ID_CVYEVB,Low
ID_5JJ002,Low
ID_3BQHOK,Low
ID_G8CD31,Low
ID_ZYV9BI,Low
ID_PGGMIN,Low
ID_MC9QH1,Low
ID_TITXR2,Low
ID_ZAC2EX,Low
ID_HHW9IN,Low
ID_STP8NK,Low
ID_LE6KWH,Low
ID_8VAQVB,Low
ID_ACWAQA,Low
ID_8UX018,Low
ID_1MWMSO,Low
ID_GJNGVS,Low
ID_03Y3PA,Low
ID_W5GSM7,Low
ID_41EVL4,Low
ID_590J1M,Low
ID_07H0UM,Low
ID_LX2CRL,Low
ID_2P4LEW,Low
ID_OZCTWJ,Low
ID_7FXV7A,Low
ID_YU2RNA,Low
ID_50T0GD,Low
ID_CXSUO8,Low
ID_VDL1CE,Low
ID_YN1KJS,Low
ID_X1CCEF,Low
ID_9JFO2A,Low
ID_WE7R4H,Low
ID_OJZCDU,Low
ID_PRSH73,Low
ID_HBUDU7,Low
ID_G13IWP,Low
ID_D6ARW4,Low
ID_YWLKLQ,Low
ID_4PO1I3,Low
ID_RY92HJ,Low
ID_SR5ET3,Low
ID_EXTS6Y,Low
ID_WUIH2J,Low
ID_LDXFIB,Low
ID_MZ2CAO,Low
ID_5SWSFL,Low
ID_FZIWJO,Low
ID_05WDNL,Low
ID_L4AO4W,Low
ID_5SEBBM,Low
ID_DO8YU9,Low
ID_NPHN1O,Low
ID_UIGM2T,Low
ID_QK3TGZ,Low
ID_4PEVH4,Low
ID_7DNHU0,Low
ID_UK4SHA,Low
ID_OCQJR6,Low
ID_MFH5E8,Low
ID_EMZYG8,Low
ID_W6B9W5,Low
ID_FX7XJZ,Low
ID_XAL1LX,Low
ID_UHBP0F,Low
